layout,generation,score_avg,score_min,best_fitness,num_acoes
mediumClassic,1,-489.13,-586.4,-224.4,9930384
mediumClassic,2,-445.11,-555.4,-224.4,13299431
mediumClassic,3,-412.49,-537.4,-71.4,18757677
mediumClassic,4,-375.45,-515.6,-71.4,23708763
mediumClassic,5,-342.81,-457.2,-71.4,30717489
mediumClassic,6,-327.58,-504.0,-71.4,35007581
mediumClassic,7,-311.14,-409.6,-71.4,39138564
mediumClassic,8,-298.06,-417.8,-71.4,43860509
mediumClassic,9,-281.66,-403.0,-71.4,47963819
mediumClassic,10,-261.48,-375.4,-71.4,51410032
mediumClassic,11,-245.54,-335.4,21.2,54699853
mediumClassic,12,-224.33,-341.6,21.2,58718207
mediumClassic,13,-207.71,-385.6,119.8,64211435
mediumClassic,14,-191.4,-390.8,119.8,70427042
mediumClassic,15,-182.47,-386.6,119.8,75847982
mediumClassic,16,-167.68,-373.8,151.0,81168223
mediumClassic,17,-156.03,-351.4,151.0,86532357
mediumClassic,18,-137.74,-293.4,130.6,91088117
mediumClassic,19,-124.26,-243.8,130.6,95646152
mediumClassic,20,-129.34,-366.0,154.0,101599725
mediumClassic,21,-112.14,-344.8,154.0,106095040
mediumClassic,22,-109.7,-295.6,154.0,110999984
mediumClassic,23,-87.71,-347.8,154.0,116576104
mediumClassic,24,-98.58,-322.6,158.4,121487851
mediumClassic,25,-85.24,-288.2,158.4,125254209
mediumClassic,26,-68.23,-263.6,158.4,129674303
mediumClassic,27,-58.14,-282.8,349.8,134560774
mediumClassic,28,-57.85,-285.2,349.8,138874753
mediumClassic,29,-37.1,-218.6,349.8,142844354
