layout,generation,score_avg,score_min,best_fitness,num_acoes
originalClassic,1,-489.26,-631.6,-246.0,11956731
originalClassic,2,-448.68,-570.2,-246.0,16916874
originalClassic,3,-395.02,-498.4,-220.6,21958892
originalClassic,4,-346.8,-452.0,-216.2,26878773
originalClassic,5,-307.89,-373.8,-216.2,29735851
originalClassic,6,-296.61,-362.6,-216.2,32176794
originalClassic,7,-284.12,-334.0,-213.4,34543590
originalClassic,8,-282.88,-334.4,-213.4,37280817
originalClassic,9,-282.52,-341.2,-213.4,39574873
originalClassic,10,-277.04,-351.2,-213.4,42047171
originalClassic,11,-274.12,-342.6,-213.4,44420417
originalClassic,12,-271.12,-325.8,-193.6,46638515
originalClassic,13,-270.43,-342.8,-193.6,48996639
originalClassic,14,-264.98,-316.0,-193.6,51254729
originalClassic,15,-260.69,-316.0,-193.6,53639139
originalClassic,16,-248.28,-343.0,18.6,56217950
originalClassic,17,-243.06,-340.2,18.6,58623873
originalClassic,18,-240.43,-336.6,18.6,60952526
originalClassic,19,-243.58,-329.6,18.6,63239323
originalClassic,20,-249.87,-335.6,18.6,65615962
originalClassic,21,-252.88,-335.8,18.6,67905908
originalClassic,22,-246.9,-330.8,18.6,70191646
originalClassic,23,-248.92,-316.0,18.6,72739936
originalClassic,24,-249.39,-318.0,18.6,75158095
originalClassic,25,-249.26,-329.6,18.6,77625535
originalClassic,26,-250.1,-335.0,18.6,79968126
originalClassic,27,-250.36,-339.8,18.6,82278377
originalClassic,28,-251.0,-335.2,18.6,84576613
originalClassic,29,-252.32,-334.0,18.6,86892873
originalClassic,30,-249.44,-338.0,18.6,89519300
originalClassic,31,-251.58,-339.6,18.6,92377599
originalClassic,32,-251.57,-330.6,18.6,94770690
originalClassic,33,-253.54,-349.0,18.6,97399456
originalClassic,34,-254.38,-349.0,18.6,99742273
originalClassic,35,-248.11,-349.0,18.6,102116523
originalClassic,36,-246.41,-315.0,18.6,104653483
originalClassic,37,-245.61,-355.8,18.6,107069909
originalClassic,38,-248.4,-326.2,18.6,109468858
originalClassic,39,-242.34,-320.6,18.6,111791323
originalClassic,40,-247.78,-334.6,18.6,113992095
originalClassic,41,-246.19,-323.4,18.6,116195175
originalClassic,42,-248.38,-319.6,18.6,118547553
originalClassic,43,-244.82,-330.2,18.6,121063489
originalClassic,44,-247.93,-337.0,18.6,123613026
originalClassic,45,-249.55,-353.2,18.6,126036115
originalClassic,46,-248.94,-353.2,18.6,128359553
originalClassic,47,-245.25,-321.4,18.6,130851691
originalClassic,48,-246.44,-321.0,18.6,133219637
originalClassic,49,-248.97,-329.0,18.6,135582137
