layout,generation,score_avg,score_min,best_fitness,num_acoes
smallClassic,1,-430.75,-537.4,-204.0,16908526
smallClassic,2,-407.56,-485.6,-204.0,25302975
smallClassic,3,-376.19,-458.8,-77.2,37188107
smallClassic,4,-340.58,-439.2,-30.2,52090122
smallClassic,5,-321.89,-458.6,-30.2,68702971
smallClassic,6,-309.76,-449.8,-30.2,88141627
smallClassic,7,-291.63,-438.4,380.0,107174029
smallClassic,8,-278.64,-421.6,380.0,126418509
smallClassic,9,-256.71,-408.2,380.0,145542798
smallClassic,10,-240.37,-392.0,139.6,164825200
smallClassic,11,-222.84,-386.8,139.6,184511919
smallClassic,12,-202.69,-413.6,381.8,205593775
smallClassic,13,-185.08,-396.4,433.0,224113035
smallClassic,14,-164.25,-336.6,433.0,243533690
smallClassic,15,-145.06,-371.6,433.0,263203150
